{"cameraMode":{"drawMode":0,"name":"Shaded","section":"Shading Mode"},"sceneLighting":true,"audioPlay":false,"sceneViewState":{"showFog":true,"showMaterialUpdate":true,"showSkybox":true,"showFlares":true,"showImageEffects":true,"showParticleSystems":true},"in2DMode":false,"pivot":{"x":90.28646850585938,"y":-0.4908544421195984,"z":95.44405364990235},"rotation":{"x":0.06311339884996414,"y":0.9206778407096863,"z":-0.346871554851532,"w":0.16752208769321443},"size":10.449999809265137,"orthographic":false}