{"cameraMode":{"drawMode":0,"name":"Shaded","section":"Shading Mode"},"sceneLighting":true,"audioPlay":false,"sceneViewState":{"showFog":true,"showMaterialUpdate":true,"showSkybox":true,"showFlares":true,"showImageEffects":true,"showParticleSystems":true},"in2DMode":false,"pivot":{"x":122.04750061035156,"y":45.18953323364258,"z":-152.8772735595703},"rotation":{"x":-0.022206757217645646,"y":0.911134660243988,"z":-0.04953375831246376,"w":-0.4085437059402466},"size":262.1212158203125,"orthographic":false}